<?xml version="1.0"?>
<!--<!DOCTYPE metadata SYSTEM "http://www.esri.com/metadata/esriprof80.dtd">-->
<metadata xml:lang="fr"><Esri><CreaDate>20140429</CreaDate><CreaTime>14044300</CreaTime><SyncOnce>FALSE</SyncOnce><DataProperties><lineage><Process ToolSource="C:\Program Files\ArcGIS\ArcToolbox\Toolboxes\Data Management Tools.tbx\DeleteField" Date="20120710" Time="133508">DeleteField GEOM_EU34_NUTS2010 NUTS2006;NUTS2010;CHANGE GEOM_EU34_NUTS2010</Process><Process ToolSource="C:\Program Files\ArcGIS\ArcToolbox\Toolboxes\Data Management Tools.tbx\Merge" Date="20120710" Time="133525">Merge GEOM_EU34_NUTS2010;HR_NUTS0_Merge C:\Users\Pierre\Desktop\NUTS2010\FDC_AIRE_NUTS2010\GEOM_EU34_NUTS2010_Merge.shp "ID 'ID' true true false 254 Text 0 0 ,First,#,GEOM_EU34_NUTS2010,ID,-1,-1,HR_NUTS0_Merge,ID,-1,-1;name 'name' true true false 254 Text 0 0 ,First,#,GEOM_EU34_NUTS2010,name,-1,-1,HR_NUTS0_Merge,name,-1,-1;level0 'level0' true true false 16 Double 6 15 ,First,#,GEOM_EU34_NUTS2010,level0,-1,-1,HR_NUTS0_Merge,level0,-1,-1;level1 'level1' true true false 16 Double 6 15 ,First,#,GEOM_EU34_NUTS2010,level1,-1,-1,HR_NUTS0_Merge,level1,-1,-1;level2 'level2' true true false 16 Double 6 15 ,First,#,GEOM_EU34_NUTS2010,level2,-1,-1,HR_NUTS0_Merge,level2,-1,-1;level23 'level23' true true false 16 Double 6 15 ,First,#,GEOM_EU34_NUTS2010,level23,-1,-1,HR_NUTS0_Merge,level23,-1,-1;level3 'level3' true true false 16 Double 6 15 ,First,#,GEOM_EU34_NUTS2010,level3,-1,-1,HR_NUTS0_Merge,level3,-1,-1;zoning 'zoning' true true false 254 Text 0 0 ,First,#,GEOM_EU34_NUTS2010,zoning,-1,-1,HR_NUTS0_Merge,zoning,-1,-1"</Process><Process ToolSource="C:\Program Files\ArcGIS\ArcToolbox\Toolboxes\Data Management Tools.tbx\Merge" Date="20120710" Time="141647">Merge GEOM_EU34_NUTS2010_Merge;RT_wide_NUTS0_Merge_Dissolve1 C:\Users\Pierre\Desktop\NUTS2010\FDC_AIRE_NUTS2010\EU34\GEOM_EU34_NUTS2010_Merge_Mer.shp "ID 'ID' true true false 254 Text 0 0 ,First,#,GEOM_EU34_NUTS2010_Merge,ID,-1,-1,RT_wide_NUTS0_Merge_Dissolve1,ID,-1,-1;name 'name' true true false 254 Text 0 0 ,First,#,GEOM_EU34_NUTS2010_Merge,name,-1,-1,RT_wide_NUTS0_Merge_Dissolve1,name,-1,-1;level0 'level0' true true false 16 Double 6 15 ,First,#,GEOM_EU34_NUTS2010_Merge,level0,-1,-1,RT_wide_NUTS0_Merge_Dissolve1,level0,-1,-1;level1 'level1' true true false 16 Double 6 15 ,First,#,GEOM_EU34_NUTS2010_Merge,level1,-1,-1,RT_wide_NUTS0_Merge_Dissolve1,level1,-1,-1;level2 'level2' true true false 16 Double 6 15 ,First,#,GEOM_EU34_NUTS2010_Merge,level2,-1,-1,RT_wide_NUTS0_Merge_Dissolve1,level2,-1,-1;level23 'level23' true true false 16 Double 6 15 ,First,#,GEOM_EU34_NUTS2010_Merge,level23,-1,-1,RT_wide_NUTS0_Merge_Dissolve1,level23,-1,-1;level3 'level3' true true false 16 Double 6 15 ,First,#,GEOM_EU34_NUTS2010_Merge,level3,-1,-1,RT_wide_NUTS0_Merge_Dissolve1,level3,-1,-1;zoning 'zoning' true true false 254 Text 0 0 ,First,#,GEOM_EU34_NUTS2010_Merge,zoning,-1,-1,RT_wide_NUTS0_Merge_Dissolve1,zoning,-1,-1"</Process><Process ToolSource="C:\Program Files\ArcGIS\ArcToolbox\Toolboxes\Data Management Tools.tbx\Dissolve" Date="20120710" Time="141727">Dissolve GEOM_EU34_NUTS2010_Merge_Mer C:\Users\Pierre\Desktop\NUTS2010\FDC_AIRE_NUTS2010\EU34\GEOM_EU34_NUTS2010_Merge_Mer1.shp ID;name;level0;level1;level2;level23;level3;zoning # MULTI_PART DISSOLVE_LINES</Process><Process ToolSource="C:\Program Files\ArcGIS\ArcToolbox\Toolboxes\Data Management Tools.tbx\Merge" Date="20120710" Time="150247">Merge GEOM_EU34_NUTS2010;MK_NUTS0_Merge_Dissolve C:\Users\Pierre\Desktop\NUTS2010\FDC_AIRE_NUTS2010\EU34\GEOM_EU34_NUTS2010_final.shp "ID 'ID' true true false 254 Text 0 0 ,First,#,GEOM_EU34_NUTS2010,ID,-1,-1,MK_NUTS0_Merge_Dissolve,ID,-1,-1;name 'name' true true false 254 Text 0 0 ,First,#,GEOM_EU34_NUTS2010,name,-1,-1,MK_NUTS0_Merge_Dissolve,name,-1,-1;level0 'level0' true true false 19 Double 6 18 ,First,#,GEOM_EU34_NUTS2010,level0,-1,-1,MK_NUTS0_Merge_Dissolve,level0,-1,-1;level1 'level1' true true false 19 Double 6 18 ,First,#,GEOM_EU34_NUTS2010,level1,-1,-1,MK_NUTS0_Merge_Dissolve,level1,-1,-1;level2 'level2' true true false 19 Double 6 18 ,First,#,GEOM_EU34_NUTS2010,level2,-1,-1,MK_NUTS0_Merge_Dissolve,level2,-1,-1;level23 'level23' true true false 19 Double 6 18 ,First,#,GEOM_EU34_NUTS2010,level23,-1,-1,MK_NUTS0_Merge_Dissolve,level23,-1,-1;level3 'level3' true true false 19 Double 6 18 ,First,#,GEOM_EU34_NUTS2010,level3,-1,-1,MK_NUTS0_Merge_Dissolve,level3,-1,-1;zoning 'zoning' true true false 254 Text 0 0 ,First,#,GEOM_EU34_NUTS2010,zoning,-1,-1,MK_NUTS0_Merge_Dissolve,zoning,-1,-1"</Process><Process ToolSource="c:\program files (x86)\arcgis\desktop10.2\ArcToolbox\Toolboxes\Data Management Tools.tbx\CalculateField" Date="20140311" Time="103621">CalculateField GEOM_EU34_NUTS2010 level0 1 VB #</Process><Process ToolSource="c:\program files (x86)\arcgis\desktop10.2\ArcToolbox\Toolboxes\Data Management Tools.tbx\CalculateField" Date="20140311" Time="103632">CalculateField GEOM_EU34_NUTS2010 level0 1 VB #</Process><Process ToolSource="c:\program files (x86)\arcgis\desktop10.2\ArcToolbox\Toolboxes\Data Management Tools.tbx\CalculateField" Date="20140311" Time="103648">CalculateField GEOM_EU34_NUTS2010 level2 1 VB #</Process><Process ToolSource="c:\program files (x86)\arcgis\desktop10.2\ArcToolbox\Toolboxes\Data Management Tools.tbx\CalculateField" Date="20140311" Time="103656">CalculateField GEOM_EU34_NUTS2010 level0 0 VB #</Process><Process ToolSource="c:\program files (x86)\arcgis\desktop10.2\ArcToolbox\Toolboxes\Data Management Tools.tbx\CalculateField" Date="20140311" Time="103701">CalculateField GEOM_EU34_NUTS2010 level1 1 VB #</Process><Process ToolSource="c:\program files (x86)\arcgis\desktop10.2\ArcToolbox\Toolboxes\Data Management Tools.tbx\CalculateField" Date="20140311" Time="103714">CalculateField GEOM_EU34_NUTS2010 level3 3 VB #</Process><Process ToolSource="c:\program files (x86)\arcgis\desktop10.2\ArcToolbox\Toolboxes\Data Management Tools.tbx\CalculateField" Date="20140311" Time="103719">CalculateField GEOM_EU34_NUTS2010 level3 1 VB #</Process><Process ToolSource="c:\program files (x86)\arcgis\desktop10.2\ArcToolbox\Toolboxes\Data Management Tools.tbx\CalculateField" Date="20140311" Time="103723">CalculateField GEOM_EU34_NUTS2010 level23 1 VB #</Process></lineage></DataProperties><SyncDate>20120710</SyncDate><SyncTime>15024500</SyncTime><ModDate>20120710</ModDate><ModTime>15024500</ModTime><ArcGISFormat>1.0</ArcGISFormat></Esri><idinfo><native Sync="TRUE">Microsoft Windows Vista Version 6.0 (Build 6002) Service Pack 2; ESRI ArcCatalog 9.3.1.3000</native><descript><langdata Sync="TRUE">fr</langdata><abstract>REQUIRED: A brief narrative summary of the data set.</abstract><purpose>REQUIRED: A summary of the intentions with which the data set was developed.</purpose></descript><citation><citeinfo><origin>REQUIRED: The name of an organization or individual that developed the data set.</origin><pubdate>REQUIRED: The date when the data set is published or otherwise made available for release.</pubdate><title Sync="TRUE">GEOM_EU34_NUTS2010_final</title><ftname Sync="TRUE">GEOM_EU34_NUTS2010_final</ftname><geoform Sync="TRUE">vector digital data</geoform><onlink Sync="TRUE"></onlink></citeinfo></citation><timeperd><current>REQUIRED: The basis on which the time period of content information is determined.</current><timeinfo><sngdate><caldate>REQUIRED: The year (and optionally month, or month and day) for which the data set corresponds to the ground.</caldate></sngdate></timeinfo></timeperd><status><progress>REQUIRED: The state of the data set.</progress><update>REQUIRED: The frequency with which changes and additions are made to the data set after the initial data set is completed.</update></status><spdom><bounding><westbc Sync="TRUE">REQUIRED: Western-most coordinate of the limit of coverage expressed in longitude.</westbc><eastbc Sync="TRUE">REQUIRED: Eastern-most coordinate of the limit of coverage expressed in longitude.</eastbc><northbc Sync="TRUE">REQUIRED: Northern-most coordinate of the limit of coverage expressed in latitude.</northbc><southbc Sync="TRUE">REQUIRED: Southern-most coordinate of the limit of coverage expressed in latitude.</southbc></bounding></spdom><keywords><theme><themekt>REQUIRED: Reference to a formally registered thesaurus or a similar authoritative source of theme keywords.</themekt><themekey>REQUIRED: Common-use word or phrase used to describe the subject of the data set.</themekey></theme></keywords><accconst>REQUIRED: Restrictions and legal prerequisites for accessing the data set.</accconst><useconst>REQUIRED: Restrictions and legal prerequisites for using the data set after access is granted.</useconst><natvform Sync="TRUE">Fichier de formes</natvform></idinfo><dataIdInfo><envirDesc Sync="TRUE">Microsoft Windows Vista Version 6.0 (Build 6002) Service Pack 2; ESRI ArcCatalog 9.3.1.3000</envirDesc><dataLang><languageCode Sync="TRUE" value="fr"></languageCode></dataLang><idCitation><resTitle Sync="TRUE">GEOM_EU34_NUTS2010_final</resTitle></idCitation></dataIdInfo><metainfo><langmeta Sync="TRUE">fr</langmeta><metstdn Sync="TRUE">FGDC Content Standards for Digital Geospatial Metadata</metstdn><metstdv Sync="TRUE">FGDC-STD-001-1998</metstdv><mettc Sync="TRUE">local time</mettc><metc><cntinfo><cntorgp><cntper>REQUIRED: The person responsible for the metadata information.</cntper><cntorg>REQUIRED: The organization responsible for the metadata information.</cntorg></cntorgp><cntaddr><addrtype>REQUIRED: The mailing and/or physical address for the organization or individual.</addrtype><city>REQUIRED: The city of the address.</city><state>REQUIRED: The state or province of the address.</state><postal>REQUIRED: The ZIP or other postal code of the address.</postal></cntaddr><cntvoice>REQUIRED: The telephone number by which individuals can speak to the organization or individual.</cntvoice></cntinfo></metc><metd Sync="TRUE">20120710</metd><metextns><onlink Sync="TRUE">http://www.esri.com/metadata/esriprof80.html</onlink><metprof Sync="TRUE">ESRI Metadata Profile</metprof></metextns></metainfo><mdLang><languageCode Sync="TRUE" value="fr"></languageCode></mdLang><mdStanName Sync="TRUE">ISO 19115 Informations géographiques - Métadonnées</mdStanName><mdStanVer Sync="TRUE"># 11108</mdStanVer><mdChar><CharSetCd Sync="TRUE" value="# 11111"></CharSetCd></mdChar><mdHrLv><ScopeCd Sync="TRUE" value="# 11109"></ScopeCd></mdHrLv><mdHrLvName Sync="TRUE"># 11110</mdHrLvName><distinfo><resdesc Sync="TRUE">Downloadable Data</resdesc><stdorder><digform><digtinfo><transize Sync="TRUE">0,000</transize><dssize Sync="TRUE">0,000</dssize></digtinfo></digform></stdorder></distinfo><distInfo><distributor><distorTran><onLineSrc><orDesc Sync="TRUE">002</orDesc><linkage Sync="TRUE">file://</linkage><protocol Sync="TRUE">Local Area Network</protocol></onLineSrc><transSize Sync="TRUE">0,000</transSize></distorTran><distorFormat><formatName Sync="TRUE">Fichier de formes</formatName></distorFormat></distributor></distInfo><spdoinfo><direct Sync="TRUE">Vector</direct><ptvctinf><esriterm Name="GEOM_EU34_NUTS2010_final"><efeatyp Sync="TRUE">Simple</efeatyp><efeageom Sync="TRUE">Polygon</efeageom><esritopo Sync="TRUE">FALSE</esritopo><efeacnt Sync="TRUE">0</efeacnt><spindex Sync="TRUE">FALSE</spindex><linrefer Sync="TRUE">FALSE</linrefer></esriterm><sdtsterm Name="GEOM_EU34_NUTS2010_final"><sdtstype Sync="TRUE">G-polygon</sdtstype><ptvctcnt Sync="TRUE">0</ptvctcnt></sdtsterm></ptvctinf></spdoinfo><spref><horizsys><cordsysn><geogcsn Sync="TRUE">GCS_ETRS_1989</geogcsn><projcsn Sync="TRUE">ETRS_1989_LAEA</projcsn></cordsysn><planar><planci><plance Sync="TRUE">coordinate pair</plance><plandu Sync="TRUE">meters</plandu><coordrep><absres Sync="TRUE">0.000000</absres><ordres Sync="TRUE">0.000000</ordres></coordrep></planci><mapproj><mapprojn Sync="TRUE">Lambert Azimuthal Equal Area</mapprojn><lamberta><longpc Sync="TRUE">10.000000</longpc><latprjc Sync="TRUE">52.000000</latprjc><feast Sync="TRUE">4321000.000000</feast><fnorth Sync="TRUE">3210000.000000</fnorth></lamberta></mapproj></planar><geodetic><horizdn Sync="TRUE">D_ETRS_1989</horizdn><ellips Sync="TRUE">Geodetic Reference System 80</ellips><semiaxis Sync="TRUE">6378137.000000</semiaxis><denflat Sync="TRUE">298.257222</denflat></geodetic></horizsys></spref><refSysInfo><RefSystem><refSysID><identCode Sync="TRUE">ETRS_1989_LAEA</identCode></refSysID></RefSystem></refSysInfo><spatRepInfo><VectSpatRep><topLvl><TopoLevCd Sync="TRUE" value="001"></TopoLevCd></topLvl><geometObjs Name="GEOM_EU34_NUTS2010_final"><geoObjTyp><GeoObjTypCd Sync="TRUE" value="001"></GeoObjTypCd></geoObjTyp><geoObjCnt Sync="TRUE">0</geoObjCnt></geometObjs></VectSpatRep></spatRepInfo><eainfo><detailed Name="GEOM_EU34_NUTS2010_final"><enttyp><enttypl Sync="TRUE">GEOM_EU34_NUTS2010_final</enttypl><enttypt Sync="TRUE">Feature Class</enttypt><enttypc Sync="TRUE">0</enttypc></enttyp><attr><attrlabl Sync="TRUE">FID</attrlabl><attalias Sync="TRUE">FID</attalias><attrtype Sync="TRUE">OID</attrtype><attwidth Sync="TRUE">4</attwidth><atprecis Sync="TRUE">0</atprecis><attscale Sync="TRUE">0</attscale><attrdef Sync="TRUE">Internal feature number.</attrdef><attrdefs Sync="TRUE">ESRI</attrdefs><attrdomv><udom Sync="TRUE">Sequential unique whole numbers that are automatically generated.</udom></attrdomv></attr><attr><attrlabl Sync="TRUE">Shape</attrlabl><attalias Sync="TRUE">Shape</attalias><attrtype Sync="TRUE">Geometry</attrtype><attwidth Sync="TRUE">0</attwidth><atprecis Sync="TRUE">0</atprecis><attscale Sync="TRUE">0</attscale><attrdef Sync="TRUE">Feature geometry.</attrdef><attrdefs Sync="TRUE">ESRI</attrdefs><attrdomv><udom Sync="TRUE">Coordinates defining the features.</udom></attrdomv></attr><attr><attrlabl Sync="TRUE">ID</attrlabl><attalias Sync="TRUE">ID</attalias><attrtype Sync="TRUE">String</attrtype><attwidth Sync="TRUE">254</attwidth></attr><attr><attrlabl Sync="TRUE">name</attrlabl><attalias Sync="TRUE">name</attalias><attrtype Sync="TRUE">String</attrtype><attwidth Sync="TRUE">254</attwidth></attr><attr><attrlabl Sync="TRUE">level0</attrlabl><attalias Sync="TRUE">level0</attalias><attrtype Sync="TRUE">Number</attrtype><attwidth Sync="TRUE">19</attwidth><atnumdec Sync="TRUE">6</atnumdec></attr><attr><attrlabl Sync="TRUE">level1</attrlabl><attalias Sync="TRUE">level1</attalias><attrtype Sync="TRUE">Number</attrtype><attwidth Sync="TRUE">19</attwidth><atnumdec Sync="TRUE">6</atnumdec></attr><attr><attrlabl Sync="TRUE">level2</attrlabl><attalias Sync="TRUE">level2</attalias><attrtype Sync="TRUE">Number</attrtype><attwidth Sync="TRUE">19</attwidth><atnumdec Sync="TRUE">6</atnumdec></attr><attr><attrlabl Sync="TRUE">level23</attrlabl><attalias Sync="TRUE">level23</attalias><attrtype Sync="TRUE">Number</attrtype><attwidth Sync="TRUE">19</attwidth><atnumdec Sync="TRUE">6</atnumdec></attr><attr><attrlabl Sync="TRUE">level3</attrlabl><attalias Sync="TRUE">level3</attalias><attrtype Sync="TRUE">Number</attrtype><attwidth Sync="TRUE">19</attwidth><atnumdec Sync="TRUE">6</atnumdec></attr><attr><attrlabl Sync="TRUE">zoning</attrlabl><attalias Sync="TRUE">zoning</attalias><attrtype Sync="TRUE">String</attrtype><attwidth Sync="TRUE">254</attwidth></attr></detailed></eainfo><mdDateSt Sync="TRUE">20120710</mdDateSt><dataqual><lineage><procstep><procdesc Sync="TRUE">Jeu de données copié.</procdesc><srcused Sync="TRUE"></srcused><procdate Sync="TRUE">20120710</procdate><proctime Sync="TRUE">14265300</proctime></procstep><procstep><procdesc Sync="TRUE">Jeu de données copié.</procdesc><srcused Sync="TRUE"></srcused><procdate Sync="TRUE">20120710</procdate><proctime Sync="TRUE">15120500</proctime></procstep></lineage></dataqual></metadata>
