<?xml version="1.0"?>
<!--<!DOCTYPE metadata SYSTEM "http://www.esri.com/metadata/esriprof80.dtd">-->
<metadata xml:lang="fr"><Esri><CreaDate>20131211</CreaDate><CreaTime>16492000</CreaTime><SyncOnce>FALSE</SyncOnce><SyncDate>20110412</SyncDate><SyncTime>17050500</SyncTime><ModDate>20110412</ModDate><ModTime>17050500</ModTime><DataProperties><lineage><Process ToolSource="C:\Program Files\ArcGIS\ArcToolbox\Toolboxes\Data Management Tools.tbx\Merge" Date="20110412" Time="170506">Merge tunisie_en_cours;tunisie_en_cours_Dissolve;tunisie_en_cours_Dissolve1;tunisie_en_cours_Dissolve2;tunisie_en_cours_Dissolve3 "C:\Documents and Settings\Ronan\Bureau\tunisie_GADM.shp" "ID_1 'ID_1' true true false 9 Long 0 9 ,First,#,tunisie_en_cours,ID_1,-1,-1;NAME_1 'NAME_1' true true false 75 Text 0 0 ,First,#,tunisie_en_cours,NAME_1,-1,-1;ID_2 'ID_2' true true false 9 Long 0 9 ,First,#,tunisie_en_cours,ID_2,-1,-1;NAME_2 'NAME_2' true true false 75 Text 0 0 ,First,#,tunisie_en_cours,NAME_2,-1,-1;Shape_Leng 'Shape_Leng' true true false 19 Double 0 0 ,First,#,tunisie_en_cours,Shape_Leng,-1,-1;Shape_Area 'Shape_Area' true true false 19 Double 0 0 ,First,#,tunisie_en_cours,Shape_Area,-1,-1;id_GADM 'id_GADM' true true false 15 Text 0 0 ,First,#,tunisie_en_cours,id_GADM,-1,-1;level 'level' true true false 2 Short 0 2 ,First,#,tunisie_en_cours,level,-1,-1;id_SNUTS 'id_SNUTS' true true false 10 Text 0 0 ,First,#,tunisie_en_cours,id_SNUTS,-1,-1;name 'name' true true false 50 Text 0 0 ,First,#,tunisie_en_cours,name,-1,-1;id_nat 'id_nat' true true false 10 Text 0 0 ,First,#,tunisie_en_cours,id_nat,-1,-1;SNUTS3 'SNUTS3' true true false 5 Text 0 0 ,First,#,tunisie_en_cours,SNUTS3,-1,-1,tunisie_en_cours_Dissolve,SNUTS3,-1,-1;SNUTS2 'SNUTS2' true true false 4 Text 0 0 ,First,#,tunisie_en_cours,SNUTS2,-1,-1,tunisie_en_cours_Dissolve1,SNUTS2,-1,-1;SNUTS1 'SNUTS1' true true false 3 Text 0 0 ,First,#,tunisie_en_cours,SNUTS1,-1,-1,tunisie_en_cours_Dissolve2,SNUTS1,-1,-1;SNUTS0 'SNUTS0' true true false 2 Text 0 0 ,First,#,tunisie_en_cours,SNUTS0,-1,-1,tunisie_en_cours_Dissolve3,SNUTS0,-1,-1"</Process><Process ToolSource="c:\program files (x86)\arcgis\desktop10.1\ArcToolbox\Toolboxes\Data Management Tools.tbx\Project" Date="20131211" Time="152519">Project sebkhas "C:\Users\nicolas lambert\Desktop\TUNISIE\NICO\HYPERATLAS\shp\sebkhas.shp" PROJCS['ETRS_1989_LAEA',GEOGCS['GCS_ETRS_1989',DATUM['D_ETRS_1989',SPHEROID['GRS_1980',6378137.0,298.257222101]],PRIMEM['Greenwich',0.0],UNIT['Degree',0.0174532925199433]],PROJECTION['Lambert_Azimuthal_Equal_Area'],PARAMETER['False_Easting',4321000.0],PARAMETER['False_Northing',3210000.0],PARAMETER['Central_Meridian',10.0],PARAMETER['Latitude_Of_Origin',52.0],UNIT['Meter',1.0]] ETRS_1989_To_WGS_1984 GEOGCS['GCS_WGS_1984',DATUM['D_WGS_1984',SPHEROID['WGS_1984',6378137.0,298.257223563]],PRIMEM['Greenwich',0.0],UNIT['Degree',0.0174532925199433],METADATA['World',-180.0,-90.0,180.0,90.0,0.0,0.0174532925199433,0.0,1262]]</Process></lineage></DataProperties><ArcGISFormat>1.0</ArcGISFormat></Esri><idinfo><native Sync="TRUE">Microsoft Windows XP Version 5.1 (Build 2600) Service Pack 3; ESRI ArcCatalog 9.3.0.1770</native><descript><langdata Sync="TRUE">fr</langdata><abstract>REQUIRED: A brief narrative summary of the data set.</abstract><purpose>REQUIRED: A summary of the intentions with which the data set was developed.</purpose></descript><citation><citeinfo><origin>REQUIRED: The name of an organization or individual that developed the data set.</origin><pubdate>REQUIRED: The date when the data set is published or otherwise made available for release.</pubdate><title Sync="TRUE">tunisie_GADM</title><ftname Sync="TRUE">tunisie_GADM</ftname><geoform Sync="TRUE">vector digital data</geoform><onlink Sync="TRUE">\\MAXDATA-D199202\C$\Documents and Settings\Ronan\Bureau\tunisie_GADM.shp</onlink></citeinfo></citation><timeperd><current>REQUIRED: The basis on which the time period of content information is determined.</current><timeinfo><sngdate><caldate>REQUIRED: The year (and optionally month, or month and day) for which the data set corresponds to the ground.</caldate></sngdate></timeinfo></timeperd><status><progress>REQUIRED: The state of the data set.</progress><update>REQUIRED: The frequency with which changes and additions are made to the data set after the initial data set is completed.</update></status><spdom><bounding><westbc Sync="TRUE">REQUIRED: Western-most coordinate of the limit of coverage expressed in longitude.</westbc><eastbc Sync="TRUE">REQUIRED: Eastern-most coordinate of the limit of coverage expressed in longitude.</eastbc><northbc Sync="TRUE">REQUIRED: Northern-most coordinate of the limit of coverage expressed in latitude.</northbc><southbc Sync="TRUE">REQUIRED: Southern-most coordinate of the limit of coverage expressed in latitude.</southbc></bounding></spdom><keywords><theme><themekt>REQUIRED: Reference to a formally registered thesaurus or a similar authoritative source of theme keywords.</themekt><themekey>REQUIRED: Common-use word or phrase used to describe the subject of the data set.</themekey></theme></keywords><accconst>REQUIRED: Restrictions and legal prerequisites for accessing the data set.</accconst><useconst>REQUIRED: Restrictions and legal prerequisites for using the data set after access is granted.</useconst><natvform Sync="TRUE">Fichier de formes</natvform></idinfo><dataIdInfo><envirDesc Sync="TRUE">Microsoft Windows XP Version 5.1 (Build 2600) Service Pack 3; ESRI ArcCatalog 9.3.0.1770</envirDesc><dataLang><languageCode Sync="TRUE" value="fr"></languageCode></dataLang><idCitation><resTitle Sync="TRUE">tunisie_GADM</resTitle></idCitation></dataIdInfo><metainfo><langmeta Sync="TRUE">fr</langmeta><metstdn Sync="TRUE">FGDC Content Standards for Digital Geospatial Metadata</metstdn><metstdv Sync="TRUE">FGDC-STD-001-1998</metstdv><mettc Sync="TRUE">local time</mettc><metextns><onlink Sync="TRUE">http://www.esri.com/metadata/esriprof80.html</onlink><metprof Sync="TRUE">ESRI Metadata Profile</metprof></metextns><metc><cntinfo><cntorgp><cntper>REQUIRED: The person responsible for the metadata information.</cntper><cntorg>REQUIRED: The organization responsible for the metadata information.</cntorg></cntorgp><cntaddr><addrtype>REQUIRED: The mailing and/or physical address for the organization or individual.</addrtype><city>REQUIRED: The city of the address.</city><state>REQUIRED: The state or province of the address.</state><postal>REQUIRED: The ZIP or other postal code of the address.</postal></cntaddr><cntvoice>REQUIRED: The telephone number by which individuals can speak to the organization or individual.</cntvoice></cntinfo></metc><metd Sync="TRUE">20110412</metd></metainfo><mdLang><languageCode Sync="TRUE" value="fr"></languageCode></mdLang><mdStanName Sync="TRUE">ISO 19115 Informations géographiques - Métadonnées</mdStanName><mdStanVer Sync="TRUE"># 11108</mdStanVer><mdChar><CharSetCd Sync="TRUE" value="# 11111"></CharSetCd></mdChar><mdHrLv><ScopeCd Sync="TRUE" value="# 11109"></ScopeCd></mdHrLv><mdHrLvName Sync="TRUE"># 11110</mdHrLvName><distinfo><resdesc Sync="TRUE">Downloadable Data</resdesc><stdorder><digform><digtinfo><transize Sync="TRUE">0,000</transize><dssize Sync="TRUE">0,000</dssize></digtinfo></digform></stdorder></distinfo><distInfo><distributor><distorTran><onLineSrc><orDesc Sync="TRUE">002</orDesc><linkage Sync="TRUE">file://\\MAXDATA-D199202\C$\Documents and Settings\Ronan\Bureau\tunisie_GADM.shp</linkage><protocol Sync="TRUE">Local Area Network</protocol></onLineSrc><transSize Sync="TRUE">0,000</transSize></distorTran><distorFormat><formatName Sync="TRUE">Fichier de formes</formatName></distorFormat></distributor></distInfo><spdoinfo><direct Sync="TRUE">Vector</direct><ptvctinf><esriterm Name="tunisie_GADM"><efeatyp Sync="TRUE">Simple</efeatyp><efeageom Sync="TRUE">Polygon</efeageom><esritopo Sync="TRUE">FALSE</esritopo><efeacnt Sync="TRUE">0</efeacnt><spindex Sync="TRUE">TRUE</spindex><linrefer Sync="TRUE">FALSE</linrefer></esriterm><sdtsterm Name="tunisie_GADM"><sdtstype Sync="TRUE">G-polygon</sdtstype><ptvctcnt Sync="TRUE">0</ptvctcnt></sdtsterm></ptvctinf></spdoinfo><spref><horizsys><cordsysn><geogcsn Sync="TRUE">GCS_WGS_1984</geogcsn></cordsysn><geograph><geogunit Sync="TRUE">Decimal degrees</geogunit><latres Sync="TRUE">0.000000</latres><longres Sync="TRUE">0.000000</longres></geograph><geodetic><horizdn Sync="TRUE">D_WGS_1984</horizdn><ellips Sync="TRUE">WGS_1984</ellips><semiaxis Sync="TRUE">6378137.000000</semiaxis><denflat Sync="TRUE">298.257224</denflat></geodetic></horizsys></spref><refSysInfo><RefSystem><refSysID><identCode Sync="TRUE">GCS_WGS_1984</identCode></refSysID></RefSystem></refSysInfo><spatRepInfo><VectSpatRep><topLvl><TopoLevCd Sync="TRUE" value="001"></TopoLevCd></topLvl><geometObjs Name="tunisie_GADM"><geoObjTyp><GeoObjTypCd Sync="TRUE" value="001"></GeoObjTypCd></geoObjTyp><geoObjCnt Sync="TRUE">0</geoObjCnt></geometObjs></VectSpatRep></spatRepInfo><eainfo><detailed Name="tunisie_GADM"><enttyp><enttypl Sync="TRUE">tunisie_GADM</enttypl><enttypt Sync="TRUE">Feature Class</enttypt><enttypc Sync="TRUE">0</enttypc></enttyp><attr><attrlabl Sync="TRUE">FID</attrlabl><attalias Sync="TRUE">FID</attalias><attrtype Sync="TRUE">OID</attrtype><attwidth Sync="TRUE">4</attwidth><atprecis Sync="TRUE">0</atprecis><attscale Sync="TRUE">0</attscale><attrdef Sync="TRUE">Internal feature number.</attrdef><attrdefs Sync="TRUE">ESRI</attrdefs><attrdomv><udom Sync="TRUE">Sequential unique whole numbers that are automatically generated.</udom></attrdomv></attr><attr><attrlabl Sync="TRUE">Shape</attrlabl><attalias Sync="TRUE">Shape</attalias><attrtype Sync="TRUE">Geometry</attrtype><attwidth Sync="TRUE">0</attwidth><atprecis Sync="TRUE">0</atprecis><attscale Sync="TRUE">0</attscale><attrdef Sync="TRUE">Feature geometry.</attrdef><attrdefs Sync="TRUE">ESRI</attrdefs><attrdomv><udom Sync="TRUE">Coordinates defining the features.</udom></attrdomv></attr><attr><attrlabl Sync="TRUE">ID_1</attrlabl><attalias Sync="TRUE">ID_1</attalias><attrtype Sync="TRUE">Number</attrtype><attwidth Sync="TRUE">9</attwidth></attr><attr><attrlabl Sync="TRUE">NAME_1</attrlabl><attalias Sync="TRUE">NAME_1</attalias><attrtype Sync="TRUE">String</attrtype><attwidth Sync="TRUE">75</attwidth></attr><attr><attrlabl Sync="TRUE">ID_2</attrlabl><attalias Sync="TRUE">ID_2</attalias><attrtype Sync="TRUE">Number</attrtype><attwidth Sync="TRUE">9</attwidth></attr><attr><attrlabl Sync="TRUE">NAME_2</attrlabl><attalias Sync="TRUE">NAME_2</attalias><attrtype Sync="TRUE">String</attrtype><attwidth Sync="TRUE">75</attwidth></attr><attr><attrlabl Sync="TRUE">Shape_Leng</attrlabl><attalias Sync="TRUE">Shape_Leng</attalias><attrtype Sync="TRUE">Float</attrtype><attwidth Sync="TRUE">19</attwidth><atnumdec Sync="TRUE">11</atnumdec></attr><attr><attrlabl Sync="TRUE">Shape_Area</attrlabl><attalias Sync="TRUE">Shape_Area</attalias><attrtype Sync="TRUE">Float</attrtype><attwidth Sync="TRUE">19</attwidth><attrdef Sync="TRUE">Area of feature in internal units squared.</attrdef><attrdefs Sync="TRUE">ESRI</attrdefs><attrdomv><udom Sync="TRUE">Positive real numbers that are automatically generated.</udom></attrdomv><atnumdec Sync="TRUE">11</atnumdec></attr><attr><attrlabl Sync="TRUE">id_GADM</attrlabl><attalias Sync="TRUE">id_GADM</attalias><attrtype Sync="TRUE">String</attrtype><attwidth Sync="TRUE">15</attwidth></attr><attr><attrlabl Sync="TRUE">level</attrlabl><attalias Sync="TRUE">level</attalias><attrtype Sync="TRUE">Number</attrtype><attwidth Sync="TRUE">2</attwidth></attr><attr><attrlabl Sync="TRUE">id_SNUTS</attrlabl><attalias Sync="TRUE">id_SNUTS</attalias><attrtype Sync="TRUE">String</attrtype><attwidth Sync="TRUE">10</attwidth></attr><attr><attrlabl Sync="TRUE">name</attrlabl><attalias Sync="TRUE">name</attalias><attrtype Sync="TRUE">String</attrtype><attwidth Sync="TRUE">50</attwidth></attr><attr><attrlabl Sync="TRUE">id_nat</attrlabl><attalias Sync="TRUE">id_nat</attalias><attrtype Sync="TRUE">String</attrtype><attwidth Sync="TRUE">10</attwidth></attr><attr><attrlabl Sync="TRUE">SNUTS3</attrlabl><attalias Sync="TRUE">SNUTS3</attalias><attrtype Sync="TRUE">String</attrtype><attwidth Sync="TRUE">5</attwidth></attr><attr><attrlabl Sync="TRUE">SNUTS2</attrlabl><attalias Sync="TRUE">SNUTS2</attalias><attrtype Sync="TRUE">String</attrtype><attwidth Sync="TRUE">4</attwidth></attr><attr><attrlabl Sync="TRUE">SNUTS1</attrlabl><attalias Sync="TRUE">SNUTS1</attalias><attrtype Sync="TRUE">String</attrtype><attwidth Sync="TRUE">3</attwidth></attr><attr><attrlabl Sync="TRUE">SNUTS0</attrlabl><attalias Sync="TRUE">SNUTS0</attalias><attrtype Sync="TRUE">String</attrtype><attwidth Sync="TRUE">2</attwidth></attr></detailed></eainfo><mdDateSt Sync="TRUE">20110412</mdDateSt></metadata>
